,Context words,Collocate count,Total count,MI score,Negative,Neutral,Positive
828,the,506,7975,8.085771026014177,0.0,1.0,0.0
1016,of,446,5099,7.622594519877147,0.0,1.0,0.0
977,and,342,6844,8.430267326772409,0.0,1.0,0.0
168,thy,250,509,5.133233358582501,0.0,1.0,0.0
920,is,234,2964,7.770460809891322,0.0,1.0,0.0
1089,to,233,4511,8.382541223233966,0.0,1.0,0.0
361,my,201,521,5.481583668268473,0.0,1.0,0.0
415,their,177,1598,7.281941940013874,0.0,1.0,0.0
348,your,169,813,6.373727902961736,0.0,1.0,0.0
734,from,149,1204,7.121946953466433,0.0,1.0,0.0
991,our,137,551,6.115372222779524,0.0,1.0,0.0
1080,in,128,3086,8.699018143739629,0.0,1.0,0.0
832,will,126,1972,8.075659710046889,0.0,1.0,0.0
7,he,121,2081,8.211693809629635,0.0,1.0,0.0
661,for,114,2348,8.471822476114204,0.0,1.0,0.0
545,his,94,1068,7.613602877178809,0.0,1.0,0.0
1085,a,89,2445,8.887381116042091,0.0,1.0,0.0
581,o,88,446,6.4489640784519,0.0,1.0,0.0
596,allah,87,3046,9.237252527807456,0.0,1.0,0.0
879,they,87,2917,9.174821972218343,0.0,1.0,0.0
430,that,86,2329,8.866725966677661,0.0,1.0,0.0
612,who,83,1971,8.677168426865453,0.0,1.0,0.0
792,say,78,776,7.422006420493772,0.0,1.0,0.0
226,with,74,1263,8.200681355327495,0.0,1.0,0.0
467,said,73,711,7.391376987908291,0.0,1.0,0.0
967,but,69,1700,8.730290371415789,0.0,1.0,0.0
877,not,69,1606,8.648227517908039,0.0,1.0,0.0
722,i,68,663,7.3928980160311415,0.0,1.0,0.0
667,ye,60,2014,9.176453169567159,0.0,1.0,0.0
1045,have,58,1183,8.457749160381109,0.0,1.0,0.0
191,him,57,1033,8.287230321869211,0.0,1.0,0.0
104,lord,57,976,8.205343120567038,0.0,1.0,0.0
883,thou,57,772,7.867062820272232,0.0,1.0,0.0
262,we,56,1883,9.178958159725518,0.0,1.0,0.0
1049,be,55,1422,8.799841833263649,0.0,1.0,0.0
513,them,54,2177,9.440733987193632,0.0,1.0,0.0
844,me,52,429,7.151889916527347,0.0,1.0,0.0
67,those,50,1402,8.916910241404791,0.0,1.0,0.0
874,it,49,1591,9.128504073384732,0.0,1.0,0.0
83,us,49,472,7.375429002415527,0.0,1.0,0.0
356,on,47,1047,8.584952672422064,0.0,1.0,0.0
417,you,46,1452,9.087759579107631,0.0,1.0,0.0
1040,verily,43,311,6.962001812597398,0.0,1.0,0.0
1046,deny,38,75,5.088386974221189,1.0,0.0,0.0
795,are,38,1173,9.055555581753817,0.0,1.0,0.0
84,by,37,584,8.087866990419961,0.0,1.0,0.0
882,all,37,965,8.812427563695387,0.0,1.0,0.0
1002,so,34,544,8.107495797168893,0.0,1.0,0.0
1034,fear,33,274,7.161133760770967,1.0,0.0,0.0
1061,favours,31,55,4.934659200306678,0.0,0.0,1.0
15,worlds,31,46,4.676861442839031,0.0,1.0,0.0
926,as,30,821,8.88184361333818,0.0,1.0,0.0
309,before,30,359,7.688445235383426,0.0,1.0,0.0
358,do,29,773,8.843839405966168,0.0,1.0,0.0
178,thee,29,615,8.513957402267923,0.0,1.0,0.0
1039,shall,28,659,8.66427553011934,0.0,1.0,0.0
215,this,27,663,8.725473355118012,0.0,1.0,0.0
28,believe,26,470,8.2835730255928,0.0,1.0,0.0
517,indeed,26,320,7.728984173915164,0.0,1.0,0.0
983,cherisher,25,36,4.633564608836481,0.0,0.0,1.0
200,hath,25,300,7.692458297890049,0.0,1.0,0.0
389,if,24,925,9.375842851851411,0.0,1.0,0.0
963,then,23,744,9.123092652219912,0.0,1.0,0.0
502,mercy,23,164,6.9414858457299635,0.0,0.0,1.0
625,no,22,666,9.027442545602858,1.0,0.0,0.0
1017,when,21,691,9.147720274778392,0.0,1.0,0.0
164,most,21,369,8.242655380450529,0.0,1.0,0.0
241,truth,20,321,8.111997189403834,0.0,0.0,1.0
390,has,20,443,8.576730590836549,0.0,1.0,0.0
1086,best,20,154,7.052354242976433,0.0,0.0,1.0
141,signs,20,338,8.186447138563715,0.0,1.0,0.0
416,would,20,289,7.96049338478221,0.0,1.0,0.0
156,forgiveness,19,77,6.126354824420209,0.0,0.0,1.0
1054,glory,18,74,6.147024161355531,0.0,0.0,1.0
438,one,18,530,8.987419345177143,0.0,1.0,0.0
59,am,18,110,6.718930509251241,0.0,1.0,0.0
718,make,18,195,7.544901109476192,0.0,1.0,0.0
78,give,18,246,7.8800853010658205,0.0,1.0,0.0
329,did,18,339,8.342712258862925,0.0,1.0,0.0
588,moses,18,176,7.397002414363878,0.0,1.0,0.0
573,behold,17,193,7.612489993186634,0.0,1.0,0.0
231,only,16,207,7.800982754668219,0.0,1.0,0.0
386,come,16,249,8.067497729236974,0.0,1.0,0.0
1044,reward,16,158,7.411276545345996,0.0,0.0,1.0
961,heavens,15,200,7.844461391335099,0.0,0.0,1.0
878,truly,15,170,7.609996137698077,0.0,0.0,1.0
762,sent,15,325,8.544901109476193,0.0,1.0,0.0
447,sign,14,94,6.854729726788927,0.0,1.0,0.0
1102,down,14,251,8.271684429062061,0.0,1.0,0.0
906,doth,14,160,7.622068969998651,0.0,1.0,0.0
368,back,14,195,7.9074711888608995,0.0,1.0,0.0
271,full,14,152,7.548068388554874,0.0,1.0,0.0
456,unto,14,181,7.799986762194495,0.0,1.0,0.0
408,exalted,14,96,6.885103375832445,0.0,1.0,0.0
1063,command,13,92,6.930618035084814,0.0,1.0,0.0
72,what,13,666,9.786434446099063,0.0,1.0,0.0
836,nor,13,402,9.05810777020673,0.0,1.0,0.0
602,may,13,350,8.858267190860131,0.0,1.0,0.0
897,or,12,634,9.830872326587144,0.0,1.0,0.0
838,such,12,316,8.82631404462484,0.0,1.0,0.0
367,clear,12,152,7.770460809891322,0.0,0.0,1.0
700,out,12,309,8.793996324352111,0.0,1.0,0.0
394,forth,12,144,7.692458297890049,0.0,1.0,0.0
626,trust,12,61,6.453270634010623,0.0,0.0,1.0
781,grace,12,79,6.82631404462484,0.0,0.0,1.0
222,knoweth,12,97,7.122446138634865,0.0,1.0,0.0
347,been,12,247,8.470900528032415,0.0,1.0,0.0
755,praises,12,45,6.014386392777412,0.0,0.0,1.0
1023,call,11,148,7.857517544160546,0.0,1.0,0.0
708,was,11,396,9.277420798611205,0.0,1.0,0.0
995,saying,11,49,6.262774022646805,0.0,1.0,0.0
845,good,11,278,8.767005251255103,0.0,0.0,1.0
255,throne,11,28,5.4554191005892,0.0,1.0,0.0
1006,power,11,192,8.233026679252752,0.0,1.0,0.0
137,s,10,249,8.74556963434961,0.0,1.0,0.0
127,day,10,520,9.807935515309985,0.0,1.0,0.0
463,put,10,95,7.355423310612479,0.0,1.0,0.0
633,which,10,606,10.02874168575448,0.0,1.0,0.0
488,guardian,10,16,4.785567702281531,0.0,1.0,0.0
907,these,10,142,7.935314821786213,0.0,1.0,0.0
532,celebrate,10,42,6.177885125060291,0.0,0.0,1.0
431,therefore,10,67,6.851656892739303,0.0,1.0,0.0
379,had,10,341,9.199195631305704,0.0,1.0,0.0
830,men,10,380,9.355423310612478,0.0,1.0,0.0
282,people,10,515,9.793996324352111,0.0,1.0,0.0
804,pray,10,27,5.540455204444999,0.0,0.0,1.0
121,there,9,518,9.954379083413135,0.0,1.0,0.0
912,worship,9,141,8.077122148125374,0.0,0.0,1.0
999,name,9,43,6.3638355504286785,0.0,1.0,0.0
270,guide,9,77,7.204357336421482,0.0,1.0,0.0
1022,between,9,154,8.204357336421483,0.0,1.0,0.0
1065,sight,9,73,7.127395354606598,0.0,1.0,0.0
236,brought,9,91,7.445365435925277,0.0,1.0,0.0
163,forgive,9,56,6.744925717784185,0.0,0.0,1.0
495,true,9,112,7.744925717784185,0.0,0.0,1.0
866,grant,9,55,6.718930509251241,0.0,0.0,1.0
614,turn,9,207,8.631057753225907,0.0,1.0,0.0
860,let,9,165,8.303893009972397,0.0,1.0,0.0
1053,man,9,211,8.658669984433766,0.0,1.0,0.0
48,its,8,186,8.646654608276926,0.0,1.0,0.0
418,forgiving,8,88,7.566927415806191,0.0,0.0,1.0
846,nothing,8,124,8.06169210755577,0.0,1.0,0.0
885,righteous,8,117,7.977860516752298,0.0,1.0,0.0
274,earth,8,419,9.818302230868245,0.0,1.0,0.0
554,know,8,225,8.92127698838593,0.0,1.0,0.0
623,promise,8,71,7.257242916673575,0.0,0.0,1.0
551,two,8,123,8.050010302508134,0.0,1.0,0.0
254,show,8,85,7.516886733306595,0.0,1.0,0.0
805,word,8,85,7.516886733306595,0.0,1.0,0.0
85,prayed,8,15,5.014386392777412,0.0,1.0,0.0
92,nay,8,129,8.118723052592147,0.0,1.0,0.0
765,oft,8,102,7.77992113914039,0.0,1.0,0.0
932,bounty,8,45,6.599348893498568,0.0,1.0,0.0
459,hast,8,76,7.355423310612479,0.0,1.0,0.0
499,surely,8,50,6.751351986943618,0.0,0.0,1.0
851,prayer,8,93,7.646654608276925,0.0,1.0,0.0
65,revealed,8,75,7.336314487664775,0.0,1.0,0.0
609,except,8,178,8.583229228135291,0.0,1.0,0.0
770,against,8,257,9.113120346362772,0.0,1.0,0.0
643,presence,8,52,6.807935515309986,0.0,1.0,0.0
641,made,8,288,9.277420798611205,0.0,1.0,0.0
772,can,8,268,9.173584987626665,0.0,1.0,0.0
299,how,8,163,8.45622395139997,0.0,1.0,0.0
395,art,8,104,7.807935515309985,0.0,1.0,0.0
698,leave,8,115,7.9529858481132685,1.0,0.0,0.0
996,penalty,8,229,8.946699585265838,1.0,0.0,0.0
133,messenger,8,250,9.073280081830982,0.0,1.0,0.0
211,remember,8,77,7.374282337863795,0.0,1.0,0.0
218,over,7,192,8.885103375832445,0.0,1.0,0.0
747,none,7,107,8.041607861512437,0.0,1.0,0.0
737,return,7,80,7.622068969998651,0.0,1.0,0.0
251,upon,7,93,7.839299686219321,0.0,1.0,0.0
824,things,7,379,9.866194913282381,0.0,1.0,0.0
650,knowledge,7,178,8.775874306077688,0.0,1.0,0.0
787,at,7,211,9.021240063818475,0.0,1.0,0.0
670,knows,7,80,7.622068969998651,0.0,1.0,0.0
773,among,7,312,9.585543093973538,0.0,1.0,0.0
56,willeth,7,16,5.300140875111289,0.0,1.0,0.0
290,her,7,107,8.041607861512437,0.0,1.0,0.0
313,ever,7,84,7.692458297890049,0.0,1.0,0.0
903,path,7,97,7.900053717298417,0.0,1.0,0.0
97,abraham,7,75,7.5289595656071695,0.0,1.0,0.0
79,judgment,7,139,8.419081947834796,0.0,1.0,0.0
75,merciful,7,118,8.182783924473132,0.0,1.0,0.0
753,bounties,7,15,5.207031470719808,0.0,1.0,0.0
663,because,6,114,8.355423310612478,0.0,1.0,0.0
980,she,6,86,7.9487980511498355,0.0,1.0,0.0
64,about,6,136,8.609996137698076,0.0,1.0,0.0
442,after,6,211,9.243632485154922,0.0,1.0,0.0
649,reject,6,177,8.990138846530735,1.0,0.0,0.0
412,called,6,42,6.914850719226497,0.0,1.0,0.0
453,created,6,153,8.77992113914039,0.0,0.0,1.0
568,praise,6,63,7.499813219947653,0.0,0.0,1.0
740,believed,6,56,7.329888218505341,0.0,1.0,0.0
209,any,6,351,9.977860516752298,0.0,1.0,0.0
514,rejected,6,101,8.180744779199532,1.0,0.0,0.0
204,never,6,147,8.722205641284102,0.0,1.0,0.0
125,messengers,6,137,8.620565379408264,0.0,1.0,0.0
909,guidance,6,132,8.566927415806191,0.0,1.0,0.0
954,wisdom,6,87,7.965476792296465,0.0,0.0,1.0
618,noah,6,47,7.077122148125375,0.0,1.0,0.0
185,thus,6,155,8.798657701721975,0.0,1.0,0.0
859,high,6,50,7.166389486222462,0.0,1.0,0.0
159,ask,6,123,8.465047801786977,0.0,1.0,0.0
1008,send,6,87,7.965476792296465,0.0,1.0,0.0
189,message,6,116,8.38051429157531,0.0,1.0,0.0
935,soon,6,91,8.030327936646433,0.0,1.0,0.0
666,whom,6,310,9.798657701721975,0.0,1.0,0.0
192,should,6,230,9.368023347392112,0.0,1.0,0.0
974,god,6,88,7.981964915085035,0.0,0.0,1.0
288,seek,6,71,7.672280415952419,0.0,1.0,0.0
613,thyself,5,18,5.955492703723843,0.0,1.0,0.0
420,angels,5,87,8.22851119813026,0.0,1.0,0.0
802,dost,5,41,7.143119706899615,0.0,1.0,0.0
51,must,5,38,7.033495215725116,0.0,1.0,0.0
66,bestowed,5,63,7.762847625781447,0.0,1.0,0.0
305,says,5,27,6.540455204444999,0.0,1.0,0.0
1070,gracious,5,64,7.78556770228153,0.0,0.0,1.0
979,reach,5,42,7.177885125060291,0.0,0.0,1.0
351,establish,5,45,7.277420798611206,0.0,1.0,0.0
101,doubt,5,69,7.8940921590597,1.0,0.0,0.0
261,serve,5,48,7.370530203002687,0.0,1.0,0.0
887,why,5,77,8.052354242976433,0.0,1.0,0.0
1097,meeting,5,26,6.486007420422623,0.0,1.0,0.0
712,order,5,107,8.527034688682678,0.0,1.0,0.0
460,straight,5,60,7.692458297890049,0.0,0.0,1.0
145,bestow,5,30,6.692458297890049,0.0,1.0,0.0
697,whoever,5,32,6.785567702281532,0.0,1.0,0.0
675,reached,5,32,6.785567702281532,0.0,0.0,1.0
784,mankind,5,72,7.955492703723843,0.0,1.0,0.0
1001,inspiration,5,45,7.277420798611206,0.0,0.0,1.0
694,cried,5,15,5.69245829789005,1.0,0.0,0.0
318,ungrateful,5,24,6.370530203002686,1.0,0.0,0.0
61,bring,5,115,8.631057753225907,0.0,1.0,0.0
511,comes,5,62,7.739764012668406,0.0,1.0,0.0
41,go,5,72,7.955492703723843,0.0,1.0,0.0
600,words,5,38,7.033495215725116,0.0,1.0,0.0
336,refuge,5,25,6.429423892056256,0.0,1.0,0.0
939,like,5,157,9.080188451173157,0.0,0.0,1.0
798,retribution,5,15,5.69245829789005,0.0,1.0,0.0
968,way,5,164,9.143119706899615,0.0,1.0,0.0
276,bow,4,38,7.355423310612479,0.0,1.0,0.0
436,revelation,4,62,8.06169210755577,0.0,1.0,0.0
543,appointed,4,59,7.990138846530735,0.0,1.0,0.0
973,deliver,4,23,6.631057753225906,0.0,1.0,0.0
714,concerning,4,46,7.631057753225906,0.0,1.0,0.0
314,supreme,4,27,6.862383299332362,0.0,0.0,1.0
307,well,4,177,9.57510134725189,0.0,0.0,1.0
931,accept,4,16,6.107495797168894,0.0,0.0,1.0
728,see,4,239,10.008362605149642,0.0,1.0,0.0
811,gods,4,72,8.277420798611205,0.0,1.0,0.0
338,mention,4,10,5.429423892056255,0.0,1.0,0.0
73,judge,4,43,7.533760551870992,0.0,1.0,0.0
569,choose,4,10,5.429423892056255,0.0,1.0,0.0
387,also,4,79,8.411276545345997,0.0,1.0,0.0
914,hope,4,33,7.151889916527347,0.0,0.0,1.0
806,partners,4,70,8.23677881411386,0.0,1.0,0.0
745,enough,4,42,7.499813219947653,0.0,1.0,0.0
684,amongst,4,55,7.888855510693554,0.0,1.0,0.0
1019,himself,4,68,8.194958638419234,0.0,1.0,0.0
1021,saith,4,11,5.566927415806191,0.0,1.0,0.0
162,went,4,29,6.965476792296465,0.0,1.0,0.0
155,didst,4,36,7.277420798611206,0.0,1.0,0.0
1033,decree,4,29,6.965476792296465,0.0,1.0,0.0
674,sustenance,4,66,8.151889916527347,0.0,1.0,0.0
688,even,4,162,9.447345800053519,0.0,1.0,0.0
639,righteousness,4,81,8.447345800053519,0.0,1.0,0.0
114,behalf,4,13,5.807935515309986,0.0,1.0,0.0
461,evil,4,268,10.173584987626665,1.0,0.0,0.0
401,without,4,119,9.002313560476837,0.0,1.0,0.0
95,regular,4,65,8.129863610197347,0.0,1.0,0.0
405,evening,4,14,5.914850719226497,0.0,1.0,0.0
654,sufficient,4,15,6.014386392777412,0.0,1.0,0.0
454,themselves,4,161,9.43841267528351,0.0,1.0,0.0
1069,cry,4,21,6.499813219947653,1.0,0.0,0.0
479,near,4,40,7.429423892056256,0.0,1.0,0.0
193,disobeyed,4,9,5.277420798611206,0.0,1.0,0.0
1004,beseech,4,4,4.107495797168894,0.0,1.0,0.0
853,morning,4,43,7.533760551870992,0.0,1.0,0.0
709,given,4,139,9.2264368698924,0.0,1.0,0.0
223,gave,4,92,8.631057753225907,0.0,1.0,0.0
429,wrath,4,55,7.888855510693554,0.0,1.0,0.0
691,more,4,133,9.162778232670084,0.0,1.0,0.0
353,help,4,91,8.61529043736759,0.0,0.0,1.0
986,unseen,4,31,7.061692107555769,0.0,1.0,0.0
445,seeking,4,23,6.631057753225906,0.0,1.0,0.0
579,ah,4,58,7.965476792296465,0.0,1.0,0.0
229,aaron,4,24,6.692458297890049,0.0,1.0,0.0
924,unmindful,4,11,5.566927415806191,0.0,1.0,0.0
343,into,3,182,10.030327936646433,0.0,1.0,0.0
839,duty,3,33,7.566927415806191,0.0,1.0,0.0
901,trial,3,31,7.4767296068346125,0.0,1.0,0.0
462,watch,3,19,6.770460809891322,0.0,1.0,0.0
496,end,3,82,8.88008530106582,0.0,1.0,0.0
833,unless,3,35,7.651816313392704,0.0,1.0,0.0
393,goal,3,19,6.770460809891322,0.0,1.0,0.0
464,meet,3,29,7.3805142915753095,0.0,1.0,0.0
324,towards,3,35,7.651816313392704,0.0,1.0,0.0
372,unbelievers,3,175,9.973744408280066,0.0,1.0,0.0
925,taught,3,28,7.329888218505341,0.0,1.0,0.0
875,ad,3,24,7.107495797168894,0.0,1.0,0.0
384,proved,3,14,6.329888218505341,0.0,1.0,0.0
849,enemy,3,31,7.4767296068346125,1.0,0.0,0.0
339,companions,3,81,8.862383299332363,0.0,1.0,0.0
330,certainly,3,107,9.264000282848885,0.0,0.0,1.0
491,sure,3,45,8.01438639277741,0.0,0.0,1.0
365,than,3,239,10.423400104428486,0.0,1.0,0.0
449,gardens,3,80,8.8444613913351,0.0,1.0,0.0
435,standing,3,23,7.04609525250475,0.0,1.0,0.0
508,abounding,3,4,4.522533296447737,0.0,1.0,0.0
893,were,3,415,11.219500822682026,0.0,1.0,0.0
481,find,3,92,9.04609525250475,0.0,1.0,0.0
380,set,3,75,8.751351986943618,0.0,1.0,0.0
220,prostrate,3,36,7.692458297890049,0.0,1.0,0.0
439,praying,3,3,4.107495797168894,0.0,0.0,1.0
1081,other,3,234,10.392898016031141,0.0,1.0,0.0
94,remembrance,3,37,7.731986662076687,0.0,1.0,0.0
180,zakariya,3,8,5.522533296447738,0.0,1.0,0.0
1011,fulfilled,3,23,7.04609525250475,0.0,0.0,1.0
183,evidence,3,22,6.981964915085034,0.0,1.0,0.0
1066,garden,3,76,8.770460809891322,0.0,1.0,0.0
187,ones,3,87,8.965476792296466,0.0,1.0,0.0
599,iblis,3,16,6.522533296447738,0.0,1.0,0.0
1005,certain,3,25,7.166389486222462,0.0,0.0,1.0
70,every,3,158,9.82631404462484,0.0,1.0,0.0
668,might,3,99,9.151889916527347,0.0,1.0,0.0
593,respite,3,40,7.844461391335099,0.0,1.0,0.0
208,son,3,74,8.731986662076688,0.0,1.0,0.0
993,yea,3,43,7.9487980511498355,0.0,1.0,0.0
990,delivered,3,26,7.222973014588829,0.0,1.0,0.0
234,faith,3,257,10.528157845641616,0.0,0.0,1.0
98,time,3,108,9.277420798611205,0.0,1.0,0.0
831,commanded,3,34,7.609996137698077,0.0,1.0,0.0
606,an,3,334,10.90623758892179,0.0,1.0,0.0
644,take,3,157,9.817154045339365,0.0,1.0,0.0
123,fire,3,213,10.257242916673576,1.0,0.0,0.0
1047,mary,3,34,7.609996137698077,0.0,1.0,0.0
631,right,3,176,9.981964915085035,0.0,1.0,0.0
111,means,3,60,8.429423892056256,0.0,1.0,0.0
1043,while,3,86,8.948798051149836,0.0,1.0,0.0
778,grievous,3,88,8.981964915085035,1.0,0.0,0.0
780,plain,3,13,6.222973014588829,0.0,1.0,0.0
607,gift,3,14,6.329888218505341,0.0,0.0,1.0
1035,gives,3,41,7.8800853010658205,0.0,1.0,0.0
107,does,3,61,8.453270634010623,0.0,1.0,0.0
1028,wronged,3,24,7.107495797168894,1.0,0.0,0.0
617,cometh,3,15,6.429423892056256,0.0,1.0,0.0
171,destroy,3,29,7.3805142915753095,1.0,0.0,0.0
767,better,3,76,8.770460809891322,0.0,0.0,1.0
235,city,3,24,7.107495797168894,0.0,1.0,0.0
583,pour,3,13,6.222973014588829,0.0,1.0,0.0
24,warning,3,45,8.01438639277741,1.0,0.0,0.0
699,unbounded,3,3,4.107495797168894,0.0,1.0,0.0
21,majesty,3,5,4.844461391335099,0.0,1.0,0.0
19,remove,3,25,7.166389486222462,0.0,1.0,0.0
546,wrong,3,206,10.209033823630955,1.0,0.0,0.0
18,secret,3,25,7.166389486222462,0.0,1.0,0.0
732,alone,3,44,7.981964915085035,1.0,0.0,0.0
291,through,3,98,9.137243140562946,0.0,1.0,0.0
292,hearken,3,13,6.222973014588829,0.0,1.0,0.0
14,feared,3,9,5.69245829789005,1.0,0.0,0.0
294,rivers,3,49,8.137243140562946,0.0,1.0,0.0
295,found,3,48,8.107495797168893,0.0,1.0,0.0
827,place,3,91,9.030327936646435,0.0,1.0,0.0
300,witness,3,97,9.122446138634865,0.0,1.0,0.0
9,deeds,3,170,9.93192423258544,0.0,1.0,0.0
306,away,3,187,10.069427756335374,0.0,1.0,0.0
723,repentance,3,34,7.609996137698077,0.0,1.0,0.0
277,join,3,33,7.566927415806191,0.0,0.0,1.0
777,punishment,3,134,9.58862248690551,1.0,0.0,0.0
819,adore,3,4,4.522533296447737,0.0,0.0,1.0
264,whether,3,56,8.329888218505342,0.0,1.0,0.0
567,admit,3,29,7.3805142915753095,0.0,0.0,1.0
256,please,3,19,6.770460809891322,0.0,0.0,1.0
47,own,3,188,10.077122148125374,0.0,1.0,0.0
743,house,3,27,7.277420798611206,0.0,1.0,0.0
43,pharaoh,3,89,8.998266727414135,0.0,1.0,0.0
757,quick,2,6,5.69245829789005,0.0,1.0,0.0
741,brotherhood,2,7,5.914850719226497,0.0,1.0,0.0
880,prayers,2,31,8.06169210755577,0.0,1.0,0.0
677,many,2,80,9.429423892056255,0.0,1.0,0.0
729,lay,2,17,7.194958638419233,0.0,1.0,0.0
635,always,2,9,6.277420798611205,0.0,1.0,0.0
457,knew,2,36,8.277420798611205,0.0,1.0,0.0
452,provided,2,42,8.499813219947653,0.0,1.0,0.0
715,thamud,2,26,7.807935515309985,0.0,1.0,0.0
884,measure,2,42,8.499813219947653,0.0,1.0,0.0
713,seest,2,39,8.392898016031141,0.0,1.0,0.0
671,restricts,2,6,5.69245829789005,1.0,0.0,0.0
647,needs,2,14,6.914850719226497,0.0,1.0,0.0
750,commands,2,12,6.692458297890049,0.0,1.0,0.0
705,pleased,2,21,7.499813219947653,0.0,0.0,1.0
768,east,2,11,6.566927415806191,0.0,1.0,0.0
659,mission,2,16,7.107495797168894,0.0,1.0,0.0
669,salvation,2,10,6.429423892056256,0.0,1.0,0.0
742,ordered,2,9,6.277420798611205,0.0,1.0,0.0
751,rewards,2,8,6.107495797168894,0.0,0.0,1.0
528,assistance,2,3,4.692458297890049,0.0,1.0,0.0
630,conceal,2,29,7.965476792296465,0.0,1.0,0.0
547,defied,2,2,4.107495797168894,0.0,1.0,0.0
809,led,2,16,7.107495797168894,0.0,1.0,0.0
813,stand,2,47,8.66208464884653,0.0,1.0,0.0
814,promises,2,6,5.69245829789005,0.0,0.0,1.0
815,turns,2,21,7.499813219947653,0.0,1.0,0.0
821,seduced,2,2,4.107495797168894,1.0,0.0,0.0
848,assuredly,2,14,6.914850719226497,0.0,0.0,1.0
506,adam,2,25,7.751351986943618,0.0,1.0,0.0
548,eyes,2,70,9.23677881411386,0.0,1.0,0.0
542,perfect,2,8,6.107495797168894,0.0,0.0,1.0
627,devotion,2,14,6.914850719226497,0.0,0.0,1.0
825,much,2,42,8.499813219947653,0.0,1.0,0.0
539,desired,2,6,5.69245829789005,0.0,0.0,1.0
538,degree,2,7,5.914850719226497,0.0,1.0,0.0
826,treat,2,27,7.862383299332362,0.0,0.0,1.0
516,peace,2,62,9.06169210755577,0.0,0.0,1.0
535,forces,2,18,7.277420798611206,0.0,1.0,0.0
531,round,2,30,8.01438639277741,0.0,1.0,0.0
835,each,2,133,10.162778232670084,0.0,1.0,0.0
564,therein,2,208,10.807935515309985,0.0,1.0,0.0
565,astray,2,59,8.990138846530735,0.0,1.0,0.0
852,invoke,2,23,7.631057753225906,0.0,1.0,0.0
497,both,2,58,8.965476792296466,0.0,1.0,0.0
782,above,2,65,9.129863610197347,0.0,1.0,0.0
783,granted,2,43,8.533760551870992,0.0,0.0,1.0
616,stakes,2,2,4.107495797168894,0.0,1.0,0.0
788,rising,2,9,6.277420798611205,0.0,1.0,0.0
870,easts,2,1,3.1074957971688932,0.0,1.0,0.0
605,argument,2,9,6.277420798611205,1.0,0.0,0.0
603,admonish,2,18,7.277420798611206,0.0,1.0,0.0
790,humility,2,19,7.355423310612479,0.0,1.0,0.0
597,overwhelmed,2,13,6.807935515309986,0.0,0.0,1.0
595,up,2,224,10.914850719226497,0.0,1.0,0.0
594,doom,2,3,4.692458297890049,1.0,0.0,0.0
492,wicked,2,25,7.751351986943618,1.0,0.0,0.0
854,avowed,2,9,6.277420798611205,0.0,1.0,0.0
797,recompense,2,34,8.194958638419234,0.0,1.0,0.0
440,turning,2,14,6.914850719226497,0.0,1.0,0.0
578,open,2,43,8.533760551870992,0.0,1.0,0.0
570,lie,2,44,8.566927415806191,0.0,1.0,0.0
471,cause,2,118,9.990138846530735,0.0,1.0,0.0
362,heaven,2,49,8.722205641284102,0.0,0.0,1.0
434,follow,2,138,10.216020253947063,0.0,1.0,0.0
213,wilt,2,76,9.355423310612478,0.0,1.0,0.0
243,yourselves,2,101,9.765707279920688,0.0,1.0,0.0
985,lest,2,50,8.751351986943618,0.0,1.0,0.0
232,decide,2,15,7.014386392777412,0.0,1.0,0.0
886,disgrace,2,13,6.807935515309986,1.0,0.0,0.0
221,account,2,83,9.482535228515818,0.0,1.0,0.0
992,safety,2,11,6.566927415806191,0.0,0.0,1.0
210,muslims,2,11,6.566927415806191,0.0,1.0,0.0
1031,disobey,2,14,6.914850719226497,0.0,1.0,0.0
195,cave,2,8,6.107495797168894,0.0,1.0,0.0
194,self,2,34,8.194958638419234,0.0,1.0,0.0
175,hearer,2,2,4.107495797168894,0.0,1.0,0.0
161,enlarges,2,7,5.914850719226497,0.0,1.0,0.0
1025,tremendous,2,5,5.429423892056255,0.0,1.0,0.0
1026,kind,2,40,8.429423892056256,0.0,0.0,1.0
250,adoration,2,12,6.692458297890049,0.0,0.0,1.0
258,direction,2,10,6.429423892056256,0.0,1.0,0.0
268,inspired,2,9,6.277420798611205,0.0,0.0,1.0
960,marked,2,3,4.692458297890049,0.0,1.0,0.0
286,disposer,2,12,6.692458297890049,0.0,1.0,0.0
287,differences,2,5,5.429423892056255,0.0,1.0,0.0
297,raise,2,32,8.107495797168893,0.0,1.0,0.0
951,achieve,2,6,5.69245829789005,0.0,1.0,0.0
301,sins,2,47,8.66208464884653,1.0,0.0,0.0
302,some,2,204,10.779921139140388,0.0,1.0,0.0
949,sets,2,12,6.692458297890049,0.0,1.0,0.0
310,listen,2,46,8.631057753225907,0.0,1.0,0.0
945,favour,2,44,8.566927415806191,0.0,0.0,1.0
316,final,2,23,7.631057753225906,0.0,1.0,0.0
944,easy,2,31,8.06169210755577,0.0,0.0,1.0
320,until,2,105,9.821741314835016,0.0,1.0,0.0
326,lofty,2,14,6.914850719226497,0.0,1.0,0.0
1030,prophets,2,23,7.631057753225906,0.0,1.0,0.0
1036,revere,2,1,3.1074957971688932,0.0,1.0,0.0
938,sin,2,72,9.277420798611205,1.0,0.0,0.0
35,toiling,2,2,4.107495797168894,0.0,1.0,0.0
1079,doers,2,71,9.257242916673576,0.0,1.0,0.0
53,thanks,2,15,7.014386392777412,0.0,0.0,1.0
49,hands,2,83,9.482535228515818,0.0,1.0,0.0
44,forget,2,20,7.429423892056256,1.0,0.0,0.0
40,ourselves,2,38,8.355423310612478,0.0,1.0,0.0
38,spoken,2,5,5.429423892056255,0.0,1.0,0.0
1090,thereof,2,47,8.66208464884653,0.0,1.0,0.0
143,chose,2,9,6.277420798611205,0.0,1.0,0.0
30,ignorant,2,11,6.566927415806191,1.0,0.0,0.0
22,associate,2,13,6.807935515309986,0.0,1.0,0.0
16,injustice,2,15,7.014386392777412,1.0,0.0,0.0
12,something,2,40,8.429423892056256,0.0,1.0,0.0
1104,lawful,2,32,8.107495797168893,0.0,1.0,0.0
3,death,2,80,9.429423892056255,1.0,0.0,0.0
62,proclaim,2,23,7.631057753225906,0.0,1.0,0.0
68,sorcerer,2,9,6.277420798611205,0.0,1.0,0.0
69,happen,2,5,5.429423892056255,0.0,1.0,0.0
1067,duties,2,3,4.692458297890049,0.0,1.0,0.0
86,taken,2,39,8.392898016031141,0.0,1.0,0.0
90,islam,2,39,8.392898016031141,0.0,1.0,0.0
1059,countenance,2,4,5.107495797168894,0.0,1.0,0.0
105,warned,2,13,6.807935515309986,1.0,0.0,0.0
110,generous,2,7,5.914850719226497,0.0,0.0,1.0
113,light,2,78,9.392898016031141,0.0,1.0,0.0
1052,dealt,2,13,6.807935515309986,0.0,1.0,0.0
116,seven,2,26,7.807935515309985,0.0,1.0,0.0
1050,fall,2,35,8.23677881411386,0.0,1.0,0.0
122,awe,2,7,5.914850719226497,0.0,1.0,0.0
126,revelations,2,8,6.107495797168894,0.0,1.0,0.0
131,greatest,2,8,6.107495797168894,0.0,0.0,1.0
139,again,2,71,9.257242916673576,0.0,1.0,0.0
327,desire,2,42,8.499813219947653,0.0,0.0,1.0
724,just,2,70,9.23677881411386,0.0,1.0,0.0
406,term,2,51,8.77992113914039,0.0,1.0,0.0
898,work,2,75,9.336314487664774,0.0,1.0,0.0
354,turned,2,78,9.392898016031141,0.0,1.0,0.0
891,punished,2,12,6.692458297890049,1.0,0.0,0.0
413,falsehood,2,53,8.835416251732092,0.0,1.0,0.0
929,displeasure,2,3,4.692458297890049,0.0,1.0,0.0
913,gather,2,28,7.914850719226498,0.0,1.0,0.0
381,invite,2,8,6.107495797168894,0.0,0.0,1.0
344,prophet,2,64,9.107495797168893,0.0,1.0,0.0
342,gone,2,23,7.631057753225906,0.0,1.0,0.0
373,endure,2,10,6.429423892056256,0.0,1.0,0.0
370,steadfast,2,13,6.807935515309986,0.0,0.0,1.0
892,mighty,2,32,8.107495797168893,0.0,1.0,0.0
340,honour,2,32,8.107495797168893,0.0,0.0,1.0
725,duly,2,3,4.692458297890049,0.0,1.0,0.0
341,amply,2,2,4.107495797168894,0.0,1.0,0.0
423,wills,2,37,8.316949162797844,0.0,1.0,0.0
936,recorded,2,6,5.69245829789005,0.0,1.0,0.0
335,fair,2,15,7.014386392777412,0.0,0.0,1.0
934,rank,2,11,6.566927415806191,0.0,1.0,0.0
888,yet,2,117,9.977860516752298,0.0,1.0,0.0
428,equal,2,41,8.465047801786977,0.0,1.0,0.0
763,erred,1,1,4.107495797168894,0.0,1.0,0.0
1060,repent,1,18,8.277420798611205,0.0,1.0,0.0
766,satan,1,48,9.692458297890049,0.0,1.0,0.0
900,lineage,1,1,4.107495797168894,0.0,1.0,0.0
1062,acquainted,1,51,9.779921139140388,0.0,1.0,0.0
905,lied,1,4,6.107495797168894,1.0,0.0,0.0
764,neither,1,45,9.599348893498568,0.0,1.0,0.0
760,overcome,1,5,6.429423892056256,0.0,1.0,0.0
1073,create,1,34,9.194958638419234,0.0,0.0,1.0
902,isaac,1,16,8.107495797168893,0.0,1.0,0.0
1072,hadst,1,8,7.107495797168894,0.0,1.0,0.0
1071,cherished,1,2,5.107495797168894,0.0,0.0,1.0
758,deface,1,2,5.107495797168894,0.0,1.0,0.0
1068,dispense,1,2,5.107495797168894,0.0,1.0,0.0
761,distressed,1,5,6.429423892056256,1.0,0.0,0.0
904,firmly,1,32,9.107495797168893,0.0,1.0,0.0
759,tree,1,25,8.751351986943618,0.0,1.0,0.0
1064,lurch,1,12,7.692458297890049,0.0,1.0,0.0
937,small,1,18,8.277420798611205,0.0,1.0,0.0
908,besides,1,101,10.765707279920688,0.0,1.0,0.0
1058,strayeth,1,1,4.107495797168894,0.0,1.0,0.0
869,bracelets,1,5,6.429423892056256,0.0,1.0,0.0
1041,opinion,1,3,5.69245829789005,0.0,1.0,0.0
779,forbidden,1,42,9.499813219947653,1.0,0.0,0.0
1042,protection,1,9,7.277420798611206,0.0,1.0,0.0
916,wish,1,65,10.129863610197347,0.0,0.0,1.0
915,obeyed,1,5,6.429423892056256,0.0,1.0,0.0
871,thousand,1,13,7.807935515309985,0.0,1.0,0.0
1048,pardoned,1,1,4.107495797168894,0.0,0.0,1.0
776,uneasy,1,1,4.107495797168894,1.0,0.0,0.0
872,number,1,27,8.862383299332363,0.0,0.0,1.0
775,service,1,15,8.01438639277741,0.0,1.0,0.0
774,side,1,22,8.566927415806191,0.0,1.0,0.0
1051,patience,1,48,9.692458297890049,0.0,1.0,0.0
873,sinner,1,4,6.107495797168894,0.0,1.0,0.0
771,chastisements,1,1,4.107495797168894,0.0,1.0,0.0
911,aloud,1,8,7.107495797168894,0.0,1.0,0.0
1055,blessed,1,19,8.355423310612478,0.0,0.0,1.0
876,added,1,4,6.107495797168894,0.0,1.0,0.0
769,beneath,1,40,9.429423892056255,0.0,1.0,0.0
910,recited,1,5,6.429423892056256,0.0,1.0,0.0
1057,resurrection,1,20,8.429423892056256,0.0,1.0,0.0
1056,idols,1,10,7.429423892056256,0.0,1.0,0.0
752,nearness,1,3,5.69245829789005,0.0,1.0,0.0
1074,furthermore,1,2,5.107495797168894,0.0,1.0,0.0
731,features,1,1,4.107495797168894,0.0,1.0,0.0
1094,kindness,1,20,8.429423892056256,0.0,0.0,1.0
736,untruth,1,1,4.107495797168894,0.0,1.0,0.0
735,mend,1,6,6.692458297890049,0.0,1.0,0.0
1095,thought,1,24,8.692458297890049,0.0,1.0,0.0
1096,degrees,1,8,7.107495797168894,0.0,1.0,0.0
733,summer,1,1,4.107495797168894,0.0,1.0,0.0
890,puffed,1,3,5.69245829789005,0.0,1.0,0.0
1098,tending,1,1,4.107495797168894,0.0,1.0,0.0
881,seized,1,30,9.014386392777412,0.0,1.0,0.0
1099,hard,1,20,8.429423892056256,1.0,0.0,0.0
1093,grieve,1,36,9.277420798611205,1.0,0.0,0.0
889,jest,1,8,7.107495797168894,0.0,1.0,0.0
1100,master,1,5,6.429423892056256,0.0,1.0,0.0
1101,patiently,1,15,8.01438639277741,0.0,1.0,0.0
730,droop,1,1,4.107495797168894,0.0,1.0,0.0
1103,issues,1,2,5.107495797168894,0.0,1.0,0.0
1105,errs,1,2,5.107495797168894,0.0,1.0,0.0
727,giveth,1,20,8.429423892056256,0.0,1.0,0.0
726,declare,1,22,8.566927415806191,0.0,1.0,0.0
1106,eighth,1,2,5.107495797168894,0.0,1.0,0.0
738,manifest,1,49,9.7222056412841,0.0,1.0,0.0
1092,write,1,11,7.566927415806191,0.0,1.0,0.0
756,receiving,1,4,6.107495797168894,0.0,1.0,0.0
748,attention,1,4,6.107495797168894,0.0,1.0,0.0
1075,produce,1,38,9.355423310612478,0.0,1.0,0.0
1076,shame,1,25,8.751351986943618,1.0,0.0,0.0
1077,evenings,1,3,5.69245829789005,0.0,1.0,0.0
754,anything,1,35,9.23677881411386,0.0,1.0,0.0
1078,likely,1,1,4.107495797168894,0.0,1.0,0.0
899,add,1,16,8.107495797168893,0.0,1.0,0.0
1037,witnesses,1,33,9.151889916527347,0.0,1.0,0.0
896,truthful,1,11,7.566927415806191,0.0,0.0,1.0
749,seventy,1,3,5.69245829789005,0.0,1.0,0.0
1082,teach,1,15,8.01438639277741,0.0,1.0,0.0
1091,ways,1,35,9.23677881411386,0.0,1.0,0.0
1083,mad,1,5,6.429423892056256,1.0,0.0,0.0
746,fulfilment,1,12,7.692458297890049,0.0,1.0,0.0
1084,tribunal,1,2,5.107495797168894,0.0,1.0,0.0
744,disembark,1,2,5.107495797168894,0.0,1.0,0.0
895,fact,1,21,8.499813219947653,0.0,1.0,0.0
894,left,1,64,10.107495797168893,0.0,1.0,0.0
1087,questioner,1,1,4.107495797168894,0.0,1.0,0.0
1088,powder,1,3,5.69245829789005,0.0,1.0,0.0
739,companion,1,18,8.277420798611205,0.0,1.0,0.0
1038,salih,1,11,7.566927415806191,0.0,1.0,0.0
1029,enforce,1,8,7.107495797168894,0.0,1.0,0.0
868,broke,1,12,7.692458297890049,1.0,0.0,0.0
927,despised,1,8,7.107495797168894,1.0,0.0,0.0
958,advance,1,9,7.277420798611206,0.0,1.0,0.0
959,mislead,1,8,7.107495797168894,0.0,1.0,0.0
822,creators,1,3,5.69245829789005,0.0,1.0,0.0
962,pleasure,1,24,8.692458297890049,0.0,0.0,1.0
964,sustains,1,3,5.69245829789005,0.0,1.0,0.0
820,respond,1,2,5.107495797168894,0.0,1.0,0.0
965,hears,1,18,8.277420798611205,0.0,1.0,0.0
818,exemplary,1,2,5.107495797168894,0.0,1.0,0.0
817,sun,1,41,9.465047801786977,0.0,1.0,0.0
816,gathered,1,22,8.566927415806191,0.0,1.0,0.0
966,seeing,1,26,8.807935515309985,0.0,1.0,0.0
867,slow,1,3,5.69245829789005,0.0,1.0,0.0
969,justice,1,43,9.53376055187099,0.0,0.0,1.0
812,seat,1,4,6.107495797168894,0.0,1.0,0.0
970,perhaps,1,10,7.429423892056256,0.0,1.0,0.0
810,lighten,1,2,5.107495797168894,0.0,1.0,0.0
971,fortune,1,4,6.107495797168894,0.0,1.0,0.0
972,whose,1,102,10.779921139140388,0.0,1.0,0.0
808,honoured,1,7,6.914850719226497,0.0,0.0,1.0
923,night,1,106,10.835416251732093,0.0,1.0,0.0
975,fixed,1,16,8.107495797168893,0.0,1.0,0.0
976,amends,1,4,6.107495797168894,0.0,1.0,0.0
957,healing,1,4,6.107495797168894,0.0,1.0,0.0
823,company,1,25,8.751351986943618,0.0,1.0,0.0
956,invented,1,11,7.566927415806191,0.0,1.0,0.0
955,injuring,1,1,4.107495797168894,0.0,1.0,0.0
940,sooner,1,1,4.107495797168894,0.0,1.0,0.0
842,pounded,1,1,4.107495797168894,0.0,1.0,0.0
941,belongeth,1,14,7.914850719226498,0.0,1.0,0.0
942,fell,1,15,8.01438639277741,0.0,1.0,0.0
841,delay,1,10,7.429423892056256,1.0,0.0,0.0
840,completed,1,7,6.914850719226497,0.0,1.0,0.0
943,roads,1,4,6.107495797168894,0.0,1.0,0.0
837,behind,1,53,9.835416251732092,0.0,1.0,0.0
847,spend,1,51,9.779921139140388,0.0,1.0,0.0
834,wests,1,1,4.107495797168894,0.0,1.0,0.0
933,persevere,1,21,8.499813219947653,0.0,1.0,0.0
946,punish,1,39,9.392898016031141,1.0,0.0,0.0
947,cast,1,35,9.23677881411386,0.0,1.0,0.0
948,bliss,1,27,8.862383299332363,0.0,0.0,1.0
950,saw,1,38,9.355423310612478,0.0,1.0,0.0
829,doings,1,10,7.429423892056256,0.0,1.0,0.0
850,hidden,1,34,9.194958638419234,0.0,1.0,0.0
930,reader,1,1,4.107495797168894,0.0,1.0,0.0
952,mansions,1,5,6.429423892056256,0.0,1.0,0.0
953,believes,1,14,7.914850719226498,0.0,1.0,0.0
928,looking,1,12,7.692458297890049,0.0,1.0,0.0
978,understand,1,84,10.499813219947654,0.0,1.0,0.0
807,solomon,1,20,8.429423892056256,0.0,1.0,0.0
922,rehearse,1,17,8.194958638419234,0.0,1.0,0.0
791,chastises,1,1,4.107495797168894,1.0,0.0,0.0
1007,unblest,1,2,5.107495797168894,0.0,1.0,0.0
1009,rivulet,1,1,4.107495797168894,0.0,1.0,0.0
1010,beautiful,1,36,9.277420798611205,0.0,0.0,1.0
1012,thereafter,1,16,8.107495797168893,0.0,1.0,0.0
789,limit,1,3,5.69245829789005,0.0,1.0,0.0
1013,childhood,1,3,5.69245829789005,0.0,1.0,0.0
1014,destroyed,1,39,9.392898016031141,1.0,0.0,0.0
1015,freely,1,14,7.914850719226498,0.0,0.0,1.0
1018,dedicate,1,1,4.107495797168894,0.0,1.0,0.0
1020,belongs,1,33,9.151889916527347,0.0,1.0,0.0
786,rescue,1,1,4.107495797168894,0.0,0.0,1.0
863,humiliated,1,6,6.692458297890049,1.0,0.0,0.0
1024,reclining,1,4,6.107495797168894,0.0,1.0,0.0
918,vilest,1,2,5.107495797168894,0.0,1.0,0.0
785,points,1,3,5.69245829789005,0.0,1.0,0.0
864,drew,1,4,6.107495797168894,0.0,1.0,0.0
1027,contempt,1,5,6.429423892056256,1.0,0.0,0.0
843,building,1,1,4.107495797168894,0.0,1.0,0.0
865,magnify,1,2,5.107495797168894,0.0,1.0,0.0
917,diverse,1,5,6.429423892056256,0.0,1.0,0.0
1032,shade,1,9,7.277420798611206,0.0,1.0,0.0
862,heirs,1,10,7.429423892056256,0.0,1.0,0.0
861,clean,1,13,7.807935515309985,0.0,0.0,1.0
981,lift,1,2,5.107495797168894,0.0,1.0,0.0
1003,disdain,1,3,5.69245829789005,1.0,0.0,0.0
982,hearts,1,159,11.42037875245325,0.0,0.0,1.0
984,communion,1,1,4.107495797168894,0.0,1.0,0.0
803,treasures,1,11,7.566927415806191,0.0,0.0,1.0
855,drink,1,41,9.465047801786977,0.0,1.0,0.0
856,forgets,1,2,5.107495797168894,0.0,1.0,0.0
987,gifts,1,21,8.499813219947653,0.0,1.0,0.0
801,prison,1,11,7.566927415806191,1.0,0.0,0.0
988,tremble,1,1,4.107495797168894,1.0,0.0,0.0
800,despair,1,17,8.194958638419234,1.0,0.0,0.0
921,brimstone,1,4,6.107495797168894,0.0,1.0,0.0
799,forbade,1,5,6.429423892056256,0.0,1.0,0.0
857,descend,1,14,7.914850719226498,0.0,1.0,0.0
858,happy,1,2,5.107495797168894,0.0,0.0,1.0
796,access,1,4,6.107495797168894,0.0,1.0,0.0
994,congealed,1,2,5.107495797168894,0.0,1.0,0.0
794,enable,1,3,5.69245829789005,0.0,1.0,0.0
793,issued,1,8,7.107495797168894,0.0,1.0,0.0
919,declaration,1,2,5.107495797168894,0.0,1.0,0.0
997,daughters,1,20,8.429423892056256,0.0,1.0,0.0
998,raised,1,63,10.08477572066881,0.0,1.0,0.0
1000,possessed,1,15,8.01438639277741,0.0,1.0,0.0
989,aforetime,1,29,8.965476792296466,0.0,1.0,0.0
0,accomplisher,1,1,4.107495797168894,0.0,1.0,0.0
721,diminish,1,1,4.107495797168894,0.0,1.0,0.0
247,opposed,1,1,4.107495797168894,0.0,1.0,0.0
233,wherewith,1,10,7.429423892056256,0.0,1.0,0.0
237,lingered,1,2,5.107495797168894,0.0,1.0,0.0
238,since,1,4,6.107495797168894,0.0,1.0,0.0
239,helpers,1,15,8.01438639277741,0.0,0.0,1.0
240,tidings,1,53,9.835416251732092,0.0,1.0,0.0
242,punishments,1,5,6.429423892056256,1.0,0.0,0.0
244,salutation,1,9,7.277420798611206,0.0,1.0,0.0
245,watchful,1,2,5.107495797168894,0.0,1.0,0.0
246,told,1,32,9.107495797168893,0.0,1.0,0.0
248,moon,1,29,8.965476792296466,0.0,1.0,0.0
228,door,1,2,5.107495797168894,0.0,1.0,0.0
249,transgressing,1,12,7.692458297890049,0.0,1.0,0.0
252,distress,1,19,8.355423310612478,1.0,0.0,0.0
253,thereat,1,5,6.429423892056256,0.0,1.0,0.0
257,confronted,1,3,5.69245829789005,1.0,0.0,0.0
259,obtained,1,1,4.107495797168894,0.0,1.0,0.0
260,grateful,1,37,9.316949162797844,0.0,0.0,1.0
263,handsome,1,5,6.429423892056256,0.0,0.0,1.0
265,still,1,11,7.566927415806191,0.0,1.0,0.0
266,took,1,45,9.599348893498568,0.0,1.0,0.0
230,intends,1,4,6.107495797168894,0.0,1.0,0.0
227,grasp,1,5,6.429423892056256,0.0,1.0,0.0
269,vision,1,27,8.862383299332363,0.0,0.0,1.0
202,fathers,1,59,9.990138846530735,0.0,1.0,0.0
184,face,1,34,9.194958638419234,0.0,1.0,0.0
186,long,1,33,9.151889916527347,0.0,1.0,0.0
188,heart,1,49,9.7222056412841,0.0,0.0,1.0
190,now,1,117,10.977860516752298,0.0,1.0,0.0
196,distances,1,1,4.107495797168894,0.0,1.0,0.0
197,darkness,1,30,9.014386392777412,1.0,0.0,0.0
198,forty,1,4,6.107495797168894,0.0,1.0,0.0
199,enter,1,65,10.129863610197347,0.0,1.0,0.0
201,within,1,24,8.692458297890049,0.0,1.0,0.0
203,swift,1,9,7.277420798611206,0.0,0.0,1.0
225,sojourn,1,2,5.107495797168894,0.0,1.0,0.0
205,implored,1,1,4.107495797168894,0.0,1.0,0.0
206,givest,1,3,5.69245829789005,0.0,1.0,0.0
207,joins,1,4,6.107495797168894,0.0,1.0,0.0
212,inscribed,1,7,6.914850719226497,0.0,1.0,0.0
214,ascribe,1,14,7.914850719226498,0.0,1.0,0.0
216,trieth,1,2,5.107495797168894,0.0,1.0,0.0
217,glass,1,3,5.69245829789005,0.0,1.0,0.0
219,mysteries,1,7,6.914850719226497,0.0,1.0,0.0
224,least,1,48,9.692458297890049,0.0,1.0,0.0
267,doing,1,31,9.06169210755577,0.0,1.0,0.0
272,profit,1,44,9.566927415806191,0.0,0.0,1.0
181,sirius,1,1,4.107495797168894,0.0,1.0,0.0
350,shower,1,9,7.277420798611206,0.0,1.0,0.0
328,slain,1,20,8.429423892056256,0.0,1.0,0.0
331,encompasseth,1,4,6.107495797168894,0.0,1.0,0.0
332,established,1,29,8.965476792296466,0.0,1.0,0.0
333,convulsion,1,2,5.107495797168894,0.0,1.0,0.0
334,loving,1,4,6.107495797168894,0.0,0.0,1.0
337,further,1,24,8.692458297890049,0.0,1.0,0.0
345,due,1,66,10.151889916527347,0.0,1.0,0.0
346,change,1,31,9.06169210755577,0.0,1.0,0.0
349,entry,1,2,5.107495797168894,0.0,1.0,0.0
352,remain,1,15,8.01438639277741,0.0,1.0,0.0
323,wind,1,17,8.194958638419234,0.0,1.0,0.0
355,according,1,37,9.316949162797844,0.0,1.0,0.0
357,bountiful,1,2,5.107495797168894,0.0,1.0,0.0
359,sorrow,1,7,6.914850719226497,1.0,0.0,0.0
360,caused,1,17,8.194958638419234,0.0,1.0,0.0
363,twice,1,14,7.914850719226498,0.0,1.0,0.0
364,either,1,25,8.751351986943618,0.0,1.0,0.0
366,painfully,1,1,4.107495797168894,1.0,0.0,0.0
369,avert,1,8,7.107495797168894,1.0,0.0,0.0
371,hearkened,1,1,4.107495797168894,0.0,1.0,0.0
325,tried,1,11,7.566927415806191,0.0,1.0,0.0
322,dignity,1,14,7.914850719226498,0.0,0.0,1.0
273,imran,1,3,5.69245829789005,0.0,1.0,0.0
293,beauty,1,16,8.107495797168893,0.0,0.0,1.0
275,off,1,46,9.631057753225907,0.0,1.0,0.0
278,seen,1,17,8.194958638419234,0.0,1.0,0.0
279,rightful,1,1,4.107495797168894,0.0,1.0,0.0
280,rest,1,29,8.965476792296466,0.0,1.0,0.0
281,advanced,1,2,5.107495797168894,0.0,0.0,1.0
283,approached,1,2,5.107495797168894,0.0,1.0,0.0
284,angel,1,13,7.807935515309985,0.0,1.0,0.0
285,distinction,1,4,6.107495797168894,0.0,1.0,0.0
289,mayest,1,16,8.107495797168893,0.0,1.0,0.0
296,madman,1,1,4.107495797168894,0.0,1.0,0.0
321,fight,1,62,10.06169210755577,1.0,0.0,0.0
298,standest,1,4,6.107495797168894,0.0,1.0,0.0
303,submit,1,14,7.914850719226498,0.0,1.0,0.0
304,rejection,1,10,7.429423892056256,1.0,0.0,0.0
308,sound,1,7,6.914850719226497,0.0,1.0,0.0
311,convincing,1,4,6.107495797168894,0.0,0.0,1.0
312,comprehendeth,1,1,4.107495797168894,0.0,1.0,0.0
315,evident,1,12,7.692458297890049,0.0,1.0,0.0
317,forsaken,1,1,4.107495797168894,0.0,1.0,0.0
319,misfortune,1,9,7.277420798611206,0.0,1.0,0.0
182,infirm,1,2,5.107495797168894,0.0,1.0,0.0
179,idea,1,3,5.69245829789005,0.0,1.0,0.0
720,difference,1,2,5.107495797168894,0.0,1.0,0.0
71,rejecters,1,20,8.429423892056256,1.0,0.0,0.0
46,worshipping,1,4,6.107495797168894,0.0,0.0,1.0
50,sides,1,20,8.429423892056256,0.0,1.0,0.0
52,sincere,1,34,9.194958638419234,0.0,0.0,1.0
54,virtue,1,4,6.107495797168894,0.0,0.0,1.0
55,blazing,1,28,8.914850719226497,0.0,1.0,0.0
57,submissively,1,1,4.107495797168894,1.0,0.0,0.0
58,last,1,40,9.429423892056255,0.0,1.0,0.0
60,hearing,1,21,8.499813219947653,0.0,1.0,0.0
63,closed,1,2,5.107495797168894,0.0,1.0,0.0
74,ha,1,9,7.277420798611206,0.0,0.0,1.0
42,glad,1,47,9.66208464884653,0.0,0.0,1.0
76,hold,1,46,9.631057753225907,0.0,1.0,0.0
77,throwing,1,1,4.107495797168894,0.0,1.0,0.0
80,bodies,1,15,8.01438639277741,0.0,1.0,0.0
81,plainly,1,8,7.107495797168894,0.0,1.0,0.0
82,responsible,1,4,6.107495797168894,0.0,0.0,1.0
87,error,1,28,8.914850719226497,1.0,0.0,0.0
88,abundance,1,23,8.631057753225907,0.0,1.0,0.0
89,proclamation,1,1,4.107495797168894,0.0,1.0,0.0
91,ocean,1,10,7.429423892056256,0.0,1.0,0.0
45,limits,1,20,8.429423892056256,0.0,1.0,0.0
39,unjust,1,33,9.151889916527347,1.0,0.0,0.0
96,precepts,1,2,5.107495797168894,0.0,1.0,0.0
20,aware,1,5,6.429423892056256,0.0,1.0,0.0
2,pleaseth,1,31,9.06169210755577,0.0,1.0,0.0
4,decision,1,26,8.807935515309985,0.0,1.0,0.0
5,read,1,12,7.692458297890049,0.0,1.0,0.0
6,servant,1,16,8.107495797168893,0.0,1.0,0.0
8,devote,1,3,5.69245829789005,0.0,0.0,1.0
10,proofs,1,2,5.107495797168894,0.0,1.0,0.0
11,vulgar,1,1,4.107495797168894,0.0,1.0,0.0
13,disputed,1,9,7.277420798611206,1.0,0.0,0.0
17,joined,1,23,8.631057753225907,0.0,1.0,0.0
23,prolong,1,1,4.107495797168894,0.0,1.0,0.0
37,race,1,8,7.107495797168894,0.0,1.0,0.0
25,leaveth,1,2,5.107495797168894,0.0,1.0,0.0
26,utter,1,13,7.807935515309985,0.0,1.0,0.0
27,crieth,1,2,5.107495797168894,0.0,1.0,0.0
29,breast,1,6,6.692458297890049,0.0,1.0,0.0
31,husband,1,10,7.429423892056256,0.0,1.0,0.0
32,expect,1,6,6.692458297890049,0.0,1.0,0.0
33,ascribed,1,3,5.69245829789005,0.0,1.0,0.0
34,couldst,1,13,7.807935515309985,0.0,1.0,0.0
36,israel,1,43,9.53376055187099,0.0,1.0,0.0
93,discharge,1,3,5.69245829789005,0.0,1.0,0.0
99,receive,1,85,10.516886733306595,0.0,1.0,0.0
177,rush,1,6,6.692458297890049,0.0,1.0,0.0
158,flowing,1,27,8.862383299332363,0.0,1.0,0.0
147,declared,1,2,5.107495797168894,0.0,1.0,0.0
148,therewith,1,35,9.23677881411386,0.0,1.0,0.0
149,dispute,1,39,9.392898016031141,1.0,0.0,0.0
150,religion,1,60,10.014386392777412,0.0,1.0,0.0
151,noise,1,5,6.429423892056256,0.0,1.0,0.0
152,communities,1,4,6.107495797168894,0.0,1.0,0.0
153,pass,1,45,9.599348893498568,0.0,1.0,0.0
154,verified,1,1,4.107495797168894,0.0,1.0,0.0
157,pursuit,1,4,6.107495797168894,0.0,1.0,0.0
160,disposition,1,1,4.107495797168894,0.0,1.0,0.0
144,allow,1,2,5.107495797168894,0.0,0.0,1.0
165,invested,1,1,4.107495797168894,0.0,1.0,0.0
166,strict,1,16,8.107495797168893,0.0,1.0,0.0
167,valley,1,9,7.277420798611206,0.0,1.0,0.0
169,present,1,26,8.807935515309985,0.0,1.0,0.0
170,blameworthy,1,2,5.107495797168894,1.0,0.0,0.0
172,adds,1,3,5.69245829789005,0.0,1.0,0.0
173,envy,1,7,6.914850719226497,1.0,0.0,0.0
174,avoid,1,5,6.429423892056256,1.0,0.0,0.0
176,longer,1,5,6.429423892056256,0.0,1.0,0.0
146,manifested,1,1,4.107495797168894,0.0,1.0,0.0
142,curse,1,30,9.014386392777412,1.0,0.0,0.0
100,misleads,1,1,4.107495797168894,0.0,1.0,0.0
119,mind,1,35,9.23677881411386,0.0,1.0,0.0
102,souls,1,81,10.447345800053517,0.0,1.0,0.0
103,point,1,12,7.692458297890049,0.0,1.0,0.0
106,nights,1,6,6.692458297890049,0.0,1.0,0.0
108,glorify,1,10,7.429423892056256,0.0,0.0,1.0
109,able,1,48,9.692458297890049,0.0,1.0,0.0
112,hasten,1,24,8.692458297890049,0.0,1.0,0.0
115,faces,1,45,9.599348893498568,0.0,1.0,0.0
117,dark,1,13,7.807935515309985,0.0,1.0,0.0
118,plan,1,35,9.23677881411386,0.0,1.0,0.0
120,madness,1,3,5.69245829789005,1.0,0.0,0.0
140,enjoyed,1,5,6.429423892056256,0.0,0.0,1.0
124,stunning,1,5,6.429423892056256,0.0,0.0,1.0
128,bear,1,67,10.173584987626665,0.0,1.0,0.0
129,mischief,1,54,9.862383299332363,1.0,0.0,0.0
130,bee,1,1,4.107495797168894,0.0,1.0,0.0
132,relics,1,1,4.107495797168894,0.0,1.0,0.0
134,satisfaction,1,10,7.429423892056256,0.0,0.0,1.0
135,fruits,1,32,9.107495797168893,0.0,1.0,0.0
136,rule,1,3,5.69245829789005,0.0,1.0,0.0
138,beneficent,1,2,5.107495797168894,0.0,0.0,1.0
374,dawnfrom,1,1,4.107495797168894,0.0,1.0,0.0
375,appoint,1,11,7.566927415806191,0.0,1.0,0.0
376,containing,1,2,5.107495797168894,0.0,1.0,0.0
611,arrogant,1,36,9.277420798611205,1.0,0.0,0.0
589,false,1,47,9.66208464884653,0.0,1.0,0.0
590,whole,1,27,8.862383299332363,0.0,1.0,0.0
591,silver,1,10,7.429423892056256,0.0,1.0,0.0
592,book,1,202,11.765707279920688,0.0,1.0,0.0
598,food,1,36,9.277420798611205,0.0,1.0,0.0
601,note,1,2,5.107495797168894,0.0,1.0,0.0
604,bowing,1,7,6.914850719226497,0.0,1.0,0.0
608,affairs,1,45,9.599348893498568,0.0,1.0,0.0
610,visitation,1,1,4.107495797168894,0.0,1.0,0.0
615,paths,1,6,6.692458297890049,0.0,1.0,0.0
586,marriage,1,15,8.01438639277741,0.0,1.0,0.0
619,humbled,1,8,7.107495797168894,0.0,1.0,0.0
620,double,1,7,6.914850719226497,0.0,1.0,0.0
621,works,1,26,8.807935515309985,0.0,1.0,0.0
622,low,1,14,7.914850719226498,1.0,0.0,0.0
624,touch,1,20,8.429423892056256,0.0,1.0,0.0
628,wise,1,61,10.03823313473178,0.0,0.0,1.0
629,get,1,51,9.779921139140388,0.0,1.0,0.0
632,haste,1,10,7.429423892056256,0.0,1.0,0.0
634,surrounds,1,2,5.107495797168894,0.0,1.0,0.0
587,sake,1,4,6.107495797168894,0.0,1.0,0.0
585,ready,1,15,8.01438639277741,0.0,0.0,1.0
637,grip,1,1,4.107495797168894,0.0,1.0,0.0
562,wreak,1,1,4.107495797168894,0.0,1.0,0.0
553,detest,1,7,6.914850719226497,0.0,1.0,0.0
1,wit,1,1,4.107495797168894,0.0,1.0,0.0
555,wine,1,9,7.277420798611206,0.0,1.0,0.0
556,pagans,1,20,8.429423892056256,0.0,1.0,0.0
557,aye,1,19,8.355423310612478,0.0,1.0,0.0
558,faults,1,17,8.194958638419234,1.0,0.0,0.0
559,sinners,1,18,8.277420798611205,0.0,1.0,0.0
560,namely,1,5,6.429423892056256,0.0,1.0,0.0
561,heads,1,12,7.692458297890049,0.0,1.0,0.0
563,periods,1,5,6.429423892056256,0.0,1.0,0.0
584,understanding,1,37,9.316949162797844,0.0,1.0,0.0
566,exceeds,1,1,4.107495797168894,0.0,1.0,0.0
571,used,1,51,9.779921139140388,0.0,1.0,0.0
572,veritable,1,1,4.107495797168894,0.0,1.0,0.0
574,credentials,1,1,4.107495797168894,0.0,1.0,0.0
575,admonition,1,56,9.914850719226497,0.0,1.0,0.0
576,encompass,1,4,6.107495797168894,0.0,1.0,0.0
577,complete,1,15,8.01438639277741,0.0,1.0,0.0
580,christ,1,11,7.566927415806191,0.0,1.0,0.0
582,hot,1,3,5.69245829789005,0.0,1.0,0.0
636,swept,1,1,4.107495797168894,0.0,1.0,0.0
638,bounds,1,28,8.914850719226497,0.0,1.0,0.0
377,highest,1,16,8.107495797168893,0.0,1.0,0.0
701,youths,1,5,6.429423892056256,0.0,1.0,0.0
685,prone,1,3,5.69245829789005,0.0,1.0,0.0
686,perish,1,26,8.807935515309985,0.0,1.0,0.0
687,lock,1,1,4.107495797168894,0.0,1.0,0.0
689,myself,1,15,8.01438639277741,0.0,1.0,0.0
690,provide,1,19,8.355423310612478,0.0,1.0,0.0
692,stood,1,5,6.429423892056256,0.0,1.0,0.0
693,save,1,22,8.566927415806191,0.0,0.0,1.0
695,quaking,1,1,4.107495797168894,1.0,0.0,0.0
696,humble,1,9,7.277420798611206,0.0,1.0,0.0
702,appetites,1,1,4.107495797168894,0.0,1.0,0.0
682,planned,1,6,6.692458297890049,0.0,1.0,0.0
703,preferred,1,7,6.914850719226497,0.0,1.0,0.0
704,farest,1,2,5.107495797168894,0.0,1.0,0.0
706,commemorate,1,5,6.429423892056256,0.0,1.0,0.0
707,hamstrung,1,2,5.107495797168894,0.0,1.0,0.0
710,destitution,1,2,5.107495797168894,0.0,1.0,0.0
711,provision,1,16,8.107495797168893,0.0,1.0,0.0
716,another,1,101,10.765707279920688,0.0,1.0,0.0
717,keep,1,45,9.599348893498568,0.0,1.0,0.0
719,children,1,81,10.447345800053517,0.0,1.0,0.0
683,expand,1,1,4.107495797168894,0.0,0.0,1.0
681,unchecked,1,1,4.107495797168894,0.0,1.0,0.0
640,mercies,1,2,5.107495797168894,0.0,1.0,0.0
657,parents,1,26,8.807935515309985,0.0,1.0,0.0
642,wives,1,28,8.914850719226497,0.0,1.0,0.0
645,wastage,1,1,4.107495797168894,0.0,1.0,0.0
646,came,1,132,11.151889916527347,0.0,1.0,0.0
648,pilgrimage,1,7,6.914850719226497,0.0,1.0,0.0
651,devoutly,1,6,6.692458297890049,0.0,1.0,0.0
652,cut,1,28,8.914850719226497,1.0,0.0,0.0
653,really,1,26,8.807935515309985,0.0,1.0,0.0
655,hastened,1,9,7.277420798611206,0.0,1.0,0.0
656,publicly,1,4,6.107495797168894,0.0,1.0,0.0
658,free,1,54,9.862383299332363,0.0,0.0,1.0
680,patient,1,21,8.499813219947653,0.0,1.0,0.0
660,enjoying,1,2,5.107495797168894,0.0,0.0,1.0
662,taste,1,62,10.06169210755577,0.0,1.0,0.0
664,constantly,1,9,7.277420798611206,0.0,1.0,0.0
665,irresistible,1,10,7.429423892056256,0.0,0.0,1.0
672,sought,1,13,7.807935515309985,0.0,1.0,0.0
673,labour,1,5,6.429423892056256,0.0,1.0,0.0
676,necessarily,1,3,5.69245829789005,0.0,1.0,0.0
678,soul,1,95,10.677351405499842,0.0,1.0,0.0
679,malik,1,1,4.107495797168894,0.0,1.0,0.0
552,destitute,1,1,4.107495797168894,0.0,1.0,0.0
550,maketh,1,4,6.107495797168894,0.0,1.0,0.0
549,became,1,26,8.807935515309985,0.0,1.0,0.0
446,returning,1,14,7.914850719226498,0.0,1.0,0.0
425,falsehoods,1,10,7.429423892056256,0.0,1.0,0.0
426,leading,1,5,6.429423892056256,0.0,1.0,0.0
427,servants,1,93,10.646654608276926,0.0,1.0,0.0
432,knowing,1,25,8.751351986943618,0.0,1.0,0.0
433,during,1,8,7.107495797168894,0.0,1.0,0.0
437,sustainer,1,6,6.692458297890049,0.0,1.0,0.0
441,cover,1,19,8.355423310612478,0.0,1.0,0.0
443,heartedly,1,2,5.107495797168894,0.0,1.0,0.0
444,surety,1,13,7.807935515309985,0.0,0.0,1.0
448,expects,1,1,4.107495797168894,0.0,1.0,0.0
422,test,1,22,8.566927415806191,0.0,1.0,0.0
450,perchance,1,15,8.01438639277741,0.0,1.0,0.0
451,matter,1,67,10.173584987626665,0.0,0.0,1.0
455,divided,1,13,7.807935515309985,0.0,1.0,0.0
458,grades,1,1,4.107495797168894,0.0,1.0,0.0
465,camel,1,13,7.807935515309985,0.0,1.0,0.0
466,entertain,1,5,6.429423892056256,0.0,0.0,1.0
468,old,1,46,9.631057753225907,0.0,1.0,0.0
469,scorching,1,3,5.69245829789005,0.0,1.0,0.0
470,spacious,1,8,7.107495797168894,0.0,1.0,0.0
424,messages,1,4,6.107495797168894,0.0,1.0,0.0
421,nations,1,15,8.01438639277741,0.0,1.0,0.0
544,build,1,9,7.277420798611206,0.0,1.0,0.0
398,proof,1,6,6.692458297890049,0.0,1.0,0.0
378,rejoice,1,14,7.914850719226498,0.0,0.0,1.0
382,coming,1,20,8.429423892056256,0.0,1.0,0.0
383,years,1,29,8.965476792296466,0.0,1.0,0.0
385,promised,1,46,9.631057753225907,0.0,0.0,1.0
388,breakest,1,1,4.107495797168894,0.0,1.0,0.0
391,blood,1,16,8.107495797168893,0.0,1.0,0.0
392,addressed,1,2,5.107495797168894,0.0,1.0,0.0
396,increaseth,1,2,5.107495797168894,0.0,1.0,0.0
397,feet,1,17,8.194958638419234,0.0,1.0,0.0
399,ranks,1,34,9.194958638419234,0.0,1.0,0.0
419,joseph,1,35,9.23677881411386,0.0,1.0,0.0
400,record,1,34,9.194958638419234,0.0,1.0,0.0
402,earns,1,6,6.692458297890049,0.0,1.0,0.0
403,graciously,1,1,4.107495797168894,0.0,0.0,1.0
404,first,1,44,9.566927415806191,0.0,1.0,0.0
407,lend,1,1,4.107495797168894,0.0,1.0,0.0
409,heard,1,21,8.499813219947653,0.0,1.0,0.0
410,lights,1,2,5.107495797168894,0.0,1.0,0.0
411,chiefs,1,26,8.807935515309985,0.0,1.0,0.0
414,announce,1,7,6.914850719226497,0.0,1.0,0.0
472,giving,1,15,8.01438639277741,0.0,0.0,1.0
473,trespass,1,3,5.69245829789005,0.0,1.0,0.0
474,hell,1,95,10.677351405499842,1.0,0.0,0.0
525,renewed,1,3,5.69245829789005,0.0,1.0,0.0
512,care,1,15,8.01438639277741,0.0,0.0,1.0
515,naught,1,13,7.807935515309985,0.0,1.0,0.0
518,layer,1,2,5.107495797168894,0.0,1.0,0.0
519,willed,1,22,8.566927415806191,0.0,1.0,0.0
520,brothers,1,18,8.277420798611205,0.0,1.0,0.0
521,understandeth,1,1,4.107495797168894,0.0,1.0,0.0
522,uproot,1,1,4.107495797168894,0.0,1.0,0.0
523,whatever,1,63,10.08477572066881,0.0,1.0,0.0
524,pay,1,18,8.277420798611205,1.0,0.0,0.0
526,cherishes,1,1,4.107495797168894,0.0,0.0,1.0
475,very,1,35,9.23677881411386,0.0,1.0,0.0
527,together,1,87,10.550439293017622,0.0,1.0,0.0
529,creator,1,12,7.692458297890049,0.0,1.0,0.0
530,chastisement,1,7,6.914850719226497,0.0,1.0,0.0
533,guided,1,40,9.429423892056255,0.0,1.0,0.0
534,constancy,1,16,8.107495797168893,0.0,1.0,0.0
536,decreed,1,16,8.107495797168893,0.0,1.0,0.0
537,could,1,92,10.631057753225907,0.0,1.0,0.0
540,learnt,1,1,4.107495797168894,0.0,1.0,0.0
541,life,1,217,11.869047029613371,0.0,1.0,0.0
510,answered,1,10,7.429423892056256,0.0,1.0,0.0
509,security,1,18,8.277420798611205,0.0,0.0,1.0
507,reverence,1,6,6.692458297890049,0.0,1.0,0.0
505,everything,1,10,7.429423892056256,0.0,1.0,0.0
476,shouldst,1,10,7.429423892056256,0.0,1.0,0.0
477,momentous,1,4,6.107495797168894,0.0,1.0,0.0
478,pleases,1,31,9.06169210755577,0.0,0.0,1.0
480,mountains,1,39,9.392898016031141,0.0,1.0,0.0
482,accepted,1,22,8.566927415806191,0.0,0.0,1.0
483,greeting,1,7,6.914850719226497,0.0,0.0,1.0
484,marshalled,1,4,6.107495797168894,0.0,1.0,0.0
485,equals,1,5,6.429423892056256,0.0,1.0,0.0
486,mantle,1,2,5.107495797168894,0.0,1.0,0.0
487,fears,1,6,6.692458297890049,1.0,0.0,0.0
489,desist,1,11,7.566927415806191,0.0,1.0,0.0
490,refuse,1,16,8.107495797168893,1.0,0.0,0.0
493,aught,1,35,9.23677881411386,0.0,1.0,0.0
494,condemn,1,2,5.107495797168894,1.0,0.0,0.0
498,strong,1,18,8.277420798611205,0.0,0.0,1.0
500,authority,1,56,9.914850719226497,0.0,0.0,1.0
501,offspring,1,12,7.692458297890049,0.0,1.0,0.0
503,asked,1,21,8.499813219947653,0.0,1.0,0.0
504,ample,1,3,5.69245829789005,0.0,1.0,0.0
1107,deception,1,6,6.692458297890049,1.0,0.0,0.0
